Country,iso3c
Aruba,ABW
Afghanistan,AFG
Angola,AGO
Anguilla,AIA
Albania,ALB
Finland,FIN
Andorra,AND
United Arab Emirates,ARE
Argentina,ARG
Armenia,ARM
American Samoa,ASM
Antarctica,ATA
Australia,AUS
French Southern and Antarctic Lands,ATF
Antigua,ATG
Barbuda,ATG
Austria,AUT
Azerbaijan,AZE
Burundi,BDI
Belgium,BEL
Benin,BEN
Burkina Faso,BFA
Bangladesh,BGD
Bulgaria,BGR
Bahrain,BHR
Bahamas,BHS
Bosnia and Herzegovina,BIH
Saint Barthelemy,BLM
Belarus,BLR
Belize,BLZ
Bermuda,BMU
Bolivia,BOL
Brazil,BRA
Barbados,BRB
Brunei,BRN
Bhutan,BTN
Botswana,BWA
Central African Republic,CAF
Canada,CAN
Switzerland,CHE
Chile,CHL
China,CHN
Ivory Coast,CIV
Cameroon,CMR
Democratic Republic of the Congo,COD
Republic of Congo,COG
Cook Islands,COK
Colombia,COL
Comoros,COM
Cape Verde,CPV
Costa Rica,CRI
Cuba,CUB
Curacao,CUW
Cayman Islands,CYM
Cyprus,CYP
Czech Republic,CZE
Germany,DEU
Djibouti,DJI
Dominica,DMA
Denmark,DNK
Dominican Republic,DOM
Algeria,DZA
Ecuador,ECU
Egypt,EGY
Eritrea,ERI
Canary Islands,NA
Spain,ESP
Estonia,EST
Ethiopia,ETH
Fiji,FJI
Falkland Islands,FLK
Reunion,REU
Mayotte,MYT
French Guiana,GUF
Martinique,MTQ
Guadeloupe,GLP
France,FRA
Faroe Islands,FRO
Micronesia,FSM
Gabon,GAB
UK,GBR
Georgia,GEO
Guernsey,GGY
Ghana,GHA
Guinea,GIN
Gambia,GMB
Guinea-Bissau,GNB
Equatorial Guinea,GNQ
Greece,GRC
Grenada,GRD
Greenland,GRL
Guatemala,GTM
Guam,GUM
Guyana,GUY
Heard Island,HDM
Honduras,HND
Croatia,HRV
Haiti,HTI
Hungary,HUN
Indonesia,IDN
Isle of Man,IMN
India,IND
Cocos Islands,CCK
Christmas Island,CXR
Chagos Archipelago,NA
Ireland,IRL
Iran,IRN
Iraq,IRQ
Iceland,ISL
Israel,ISR
Italy,ITA
San Marino,SMR
Jamaica,JAM
Jersey,JEY
Jordan,JOR
Japan,JPN
Siachen Glacier,NA
Kazakhstan,KAZ
Kenya,KEN
Kyrgyzstan,KGZ
Cambodia,KHM
Kiribati,KIR
Nevis,KNA
Saint Kitts,KNA
South Korea,KOR
Kosovo,RKS
Kuwait,KWT
Laos,LAO
Lebanon,LBN
Liberia,LBR
Libya,LBY
Saint Lucia,LCA
Liechtenstein,LIE
Sri Lanka,LKA
Lesotho,LSO
Lithuania,LTU
Luxembourg,LUX
Latvia,LVA
Saint Martin,NA
Morocco,MAR
Monaco,MCO
Moldova,MDA
Madagascar,MDG
Maldives,MDV
Mexico,MEX
Marshall Islands,MHL
Macedonia,MKD
Mali,MLI
Malta,MLT
Myanmar,MMR
Montenegro,MNE
Mongolia,MNG
Northern Mariana Islands,MNP
Mozambique,MOZ
Mauritania,MRT
Montserrat,MSR
Mauritius,MUS
Malawi,MWI
Malaysia,MYS
Namibia,NAM
New Caledonia,NCL
Niger,NER
Norfolk Island,NFK
Nigeria,NGA
Nicaragua,NIC
Niue,NIU
Bonaire,BES
Sint Eustatius,NA
Saba,BES
Netherlands,NLD
Norway,NOR
Nepal,NPL
Nauru,NRU
New Zealand,NZL
Oman,OMN
Pakistan,PAK
Panama,PAN
Pitcairn Islands,PCN
Peru,PER
Philippines,PHL
Palau,PLW
Papua New Guinea,PNG
Poland,POL
Puerto Rico,PRI
North Korea,PRK
Madeira Islands,PRT
Azores,PRT
Portugal,PRT
Paraguay,PRY
Palestine,PSE
French Polynesia,PYF
Qatar,QAT
Romania,ROU
Russia,RUS
Rwanda,RWA
Western Sahara,ESH
Saudi Arabia,SAU
Sudan,SDN
South Sudan,SSD
Senegal,SEN
Singapore,SGP
South Sandwich Islands,SGS
South Georgia,SGS
Saint Helena,SHN
Ascension Island,SHN
Solomon Islands,SLB
Sierra Leone,SLE
El Salvador,SLV
Somalia,SOM
Saint Pierre and Miquelon,SPM
Serbia,SRB
Sao Tome and Principe,STP
Suriname,SUR
Slovakia,SVK
Slovenia,SVN
Sweden,SWE
Swaziland,SWZ
Sint Maarten,SXM
Seychelles,SYC
Syria,SYR
Turks and Caicos Islands,TCA
Chad,TCD
Togo,TGO
Thailand,THA
Tajikistan,TJK
Turkmenistan,TKM
Timor-Leste,TLS
Tonga,TON
Trinidad,TTO
Tobago,TTO
Tunisia,TUN
Turkey,TUR
Taiwan,TWN
Tanzania,TZA
Uganda,UGA
Ukraine,UKR
Uruguay,URY
USA,USA
Uzbekistan,UZB
Vatican,VAT
Grenadines,VCT
Saint Vincent,VCT
Venezuela,VEN
"Virgin Islands, British",VGB
"Virgin Islands, US",VIR
Vietnam,VNM
Vanuatu,VUT
Wallis and Futuna,WLF
Samoa,WSM
Yemen,YEM
South Africa,ZAF
Zambia,ZMB
Zimbabwe,ZWE
Anguilla (UK),AIA
Antigua & Barbuda,ATG
Aruba (Netherlands),ABW
Bermuda (UK),BMU
Bonaire (Netherlands),BES
Brit. Indian Ocean Terr. (UK),IOT
British Virgin Isl. (UK),VGB
Brunei Darussalam,BRN
Cayman Isl. (UK),CYM
Christmas Isl. (Australia),AUS
Cocos (Keeling) Isl. (Australia),AUS
Faeroe Isl. (Denmark),FRO
Guadeloupe  (France),GLP
Guam (USA),GUM
Hong Kong,HKG
Korea (South),KOR
Marshall Isl.,MHL
Martinique (France),MTQ
Mayotte (France),MYT
Montserrat (UK),MSR
New Caledonia (France),NCL
Niue (New Zealand),NIU
Norfolk Isl. (Australia),NFK
North Marianas (USA),MNP
Puerto Rico (USA),PRI
Russian Federation,RUS
Saba and Saint Eustaius (Netherlands),NLD
Saint Kitts & Nevis,KNA
Saint Vincent & the Grenadines,VCT
Sao Tome & Principe,STP
Solomon Isl.,SLB
South Cyprus,CYP
St Martin,MAF
Timor Leste,TLS
Trinidad & Tobago,TTO
Turks & Caicos Isl. (UK),TCA
Tuvalu,TUV
United Kingdom,GBR
Unknown Fishing Country,UFC
US Virgin Isl.,VIR
Viet Nam,VNM
Wallis & Futuna Isl. (France),WLF
"Tanzania, United Republic of",TZA
"Taiwan, Province of China",TWN
British Indian Ocean Territory,IOT
Cocos (Keeling) Islands,CCK
Micronesia (Federated States of),FSM
Saint Kitts and Nevis,KNA
Réunion,REU
Saint Vincent and the Grenadines,VCT
Federated States of Micronesia,FSM
Antigua and Barbuda,ATG
Virgin Islands (British),VGB
Netherlands Antilles,ANT
Trinidad and Tobago,TTO
Virgin Islands (U.S.),VIR
"Iran, Islamic Republic of",IRN
United States,USA
Tokelau,TKL
Korea (North),PRK
"Congo, R. of",COG
Congo (ex-Zaire),COG
Falkland Isl. (UK),FLK
St Barthelemy (France),BLM
Azores Isl. (Portugal),PRT
Madeira Isl. (Portugal),PRT
Bosnia & Herzegovina,BIH
Saint Helena (UK),SHN
Saint Pierre & Miquelon (France),SPM
Syrian Arab Republic,SYR
Tristan da Cunha Isl. (UK),GBR
Tokelau (New Zealand),TKL
Ascension Isl. (UK),SHN
Gaza Strip,UFC
Channel Isl. (UK),GBR
North Cyprus,CYP
Pitcairn (UK),GBR
Brunei Darsm,BRN
Congo (DemRep),COD
Congo (Rep.),COG
Cote d'Ivoire,CIV
Dominican Rp,DOM
Eq Guinea,GNQ
GuineaBissau,GNB
Korea South,KOR
Russian Fed,RUS
Sao Tome Prn,STP
St Vincent,VCT
St. Lucia,LCA
Untd Arab Em,ARE
Korea Rep,KOR
"China,Taiwan",TWN
Faroe Is,FRO
Papua N Guin,PNG
Congo Dem R,COD
Korea D P Rp,PRK
"Micronesia, Federated States of",FSM
"Bahamas, The",BHS
"Korea, North",PRK
"Korea, South",KOR
Republic of China (Taiwan),TWN
U.S. Virgin Islands,VIR
"Congo, Republic of the",COG
"Saint Helena, Ascension and Tristan da Cunha",SHN
British Virgin Islands,VGB
Sao Tome and Principe,STP
Republic of Ireland,IRL
